<?xml version="1.0" encoding="UTF-8"?>
<project-private xmlns="http://www.netbeans.org/ns/project-private/1">
    <editor-bookmarks xmlns="http://www.netbeans.org/ns/editor-bookmarks/2" lastBookmarkId="0"/>
    <open-files xmlns="http://www.netbeans.org/ns/projectui-open-files/2">
        <group>
            <file>file:/media/rh/SSD_1TB_P2/Pasta_300GB_P2/Igreja%20Salto%20de%20Pirapora/CAM%20IP%20HD/IPCAM_30x/Suporte/PIC/SUPORTE_PELCO_D.X/usart.c</file>
            <file>file:/media/rh/SSD_1TB_P2/Pasta_300GB_P2/Igreja%20Salto%20de%20Pirapora/CAM%20IP%20HD/IPCAM_30x/Suporte/PIC/SUPORTE_PELCO_D.X/main.c</file>
        </group>
    </open-files>
</project-private>
